シーバスリーガル12年 ミニ,403100050002,50,40,,ペルノ・リカール・ジャパン株式会社
シーバスリーガル12年,0080432402702,350,40,,ペルノ・リカール・ジャパン株式会社
シーバスリーガル12年,5000299212387,700,40,4613,ペルノ・リカール・ジャパン株式会社
シーバスリーガル12年,4539594100323,1000,40,7048,ペルノ・リカール・ジャパン株式会社
シーバスリーガル ミズナラ12年,5000299611388,350,40,,ペルノ・リカール・ジャパン株式会社
シーバスリーガル ミズナラ12年,5000299601693,700,40,4989,ペルノ・リカール・ジャパン株式会社
シーバスリーガル エクストラ 13年 オロロソ シェリーカスク,5000299611104,700,40,4653,ペルノ・リカール・ジャパン株式会社
シーバスリーガル18年,5000299225271,200,40,,ペルノ・リカール・ジャパン株式会社
シーバスリーガル18年,5000299225301,700,40,8415,ペルノ・リカール・ジャパン株式会社
シーバスリーガル18年 ミズナラ カスク フィニッシュ,5000299225783,700,43,10000,ペルノ・リカール・ジャパン株式会社
シーバスリーガル アルティス20年,5000299611524,700,40,16335,ペルノ・リカール・ジャパン株式会社
シーバスリーガル25年,5000299284926,700,40,28286,ペルノ・リカール・ジャパン株式会社
シーバスリーガル アイコン,5000299603956,700,43,500000,ペルノ・リカール・ジャパン株式会社
ザ・グレンリベット12年,4539594100170,700,40,6140,ペルノ・リカール・ジャパン株式会社
ザ・グレンリベット12年 ハーフ,0080432400623,350,40,2940,ペルノ・リカール・ジャパン株式会社
ザ・グレンリベット12年 ミニ,0087000700413,50,40,455,ペルノ・リカール・ジャパン株式会社
ザ・グレンリベット ファウンダーズリザーブ,5000299609347,700,40,4752,ペルノ・リカール・ジャパン株式会社
ザ・グレンリベット14年 コニャックカスク・セレクション,0080432114926,700,40,6860,ペルノ・リカール・ジャパン株式会社
ザ・グレンリベット15年 フレンチオーク・リザーブ,5000299295021,700,40,7634,ペルノ・リカール・ジャパン株式会社
ザ・グレンリベット18年,4539594100187,700,40,12949,ペルノ・リカール・ジャパン株式会社
ザ・グレンリベット アーカイブ21年,5000299226216,700,43,26185,ペルノ・リカール・ジャパン株式会社
ザ・グレンリベット25年,5000299226421,700,43,47817,ペルノ・リカール・ジャパン株式会社