サントリーシングルモルトウイスキー 山崎 180ml瓶,4901777237841,180,43,1250,サントリーホールディングス株式会社
サントリーシングルモルトウイスキー 山崎,4901777233812,700,43,4500,サントリーホールディングス株式会社
サントリーシングルモルトウイスキー 山崎12年,4901777188914,700,43,10000,サントリーホールディングス株式会社
サントリーシングルモルトウイスキー 山崎18年,4901777188907,700,43,32000,サントリーホールディングス株式会社
サントリーシングルモルトウイスキー 山崎25年,4901777347700,700,43,160000,サントリーホールディングス株式会社
サントリーシングルモルトウイスキー 白州 180ml瓶,4901777237896,180,43,1250,サントリーホールディングス株式会社
サントリーシングルモルトウイスキー 白州,4901777233911,700,43,4500,サントリーホールディングス株式会社
サントリーシングルモルトウイスキー 白州12年,4901777360440,700,43,10000,サントリーホールディングス株式会社
サントリーシングルモルトウイスキー 白州18年,4901777159013,700,43,32000,サントリーホールディングス株式会社
サントリーシングルモルトウイスキー 白州25年,4901777170834,700,43,160000,サントリーホールディングス株式会社
サントリーウイスキー響 JAPANESE HARMONY,4901777270688,700,43,5500,サントリーホールディングス株式会社
サントリーウイスキー響21年,4901777040427,700,43,32000,サントリーホールディングス株式会社
サントリーウイスキー響30年,4901777043725,700,43,160000,サントリーホールディングス株式会社
サントリーウイスキーローヤル,4901777188211,700,43,3360,サントリーホールディングス株式会社
サントリーウイスキースペシャルリザーブ,4901777188198,700,40,2580,サントリーホールディングス株式会社
サントリーウイスキーオールド,4901777188112,700,43,1880,サントリーホールディングス株式会社
サントリーウイスキー 角瓶 ポケット瓶,4901777284401,180,40,526,サントリーホールディングス株式会社
サントリーウイスキー 角瓶,4901777284289,700,40,1590,サントリーホールディングス株式会社
サントリーウイスキー 角瓶 ジャンボボトル,4901777284364,1920,40,4062,サントリーホールディングス株式会社
サントリーウイスキー 角瓶 2.7Lボトル,4901777284340,2700,40,5526,サントリーホールディングス株式会社
サントリーウイスキー 角瓶 4Lペット,4901777284326,4000,40,7827,サントリーホールディングス株式会社
サントリーウイスキーホワイト,4901777042285,640,40,1174,サントリーホールディングス株式会社
サントリーウイスキーホワイト ジャンボペットボトル,4901777159266,1920,40,3203,サントリーホールディングス株式会社
サントリーウイスキーホワイト 大ホワイト2.7Lペットボトル,4901777046368,2700,40,4356,サントリーホールディングス株式会社
サントリーウイスキーホワイト 大ホワイト４Lペットボトル,4901777049376,4000,40,6164,サントリーホールディングス株式会社
トリス〈クラシック〉 180ml瓶,4901777280052,180,37,285,サントリーホールディングス株式会社
トリス〈クラシック〉,4901777280038,700,37,900,サントリーホールディングス株式会社
トリス〈クラシック〉 1.8Lペット,4901777300200,1800,37,2180,サントリーホールディングス株式会社
トリス〈クラシック〉 2.7Lペット,4901777280076,2700,37,3110,サントリーホールディングス株式会社
トリス〈クラシック〉 4Lペット,4901777280090,4000,37,4430,サントリーホールディングス株式会社
トリス〈エクストラ〉,4901777211629,700,40,1080,サントリーホールディングス株式会社
トリス〈エクストラ〉 1.8Lペット,4901777334878,1800,40,2600,サントリーホールディングス株式会社
トリス〈エクストラ〉 2.7Lペット,4901777334854,2700,40,3700,サントリーホールディングス株式会社
トリス〈エクストラ〉 4Lペット,4901777334830,4000,40,5290,サントリーホールディングス株式会社
サントリーウイスキーレッド ポケット瓶,4901777042759,180,39,298,サントリーホールディングス株式会社
サントリーウイスキーレッド,4901777042278,640,39,884,サントリーホールディングス株式会社
サントリーウイスキーレッド ジャンボペットボトル,4901777042711,1920,39,2433,サントリーホールディングス株式会社
サントリーウイスキーレッド 大レッド2.7Lペットボトル,4901777045736,2700,39,3256,サントリーホールディングス株式会社
サントリーウイスキーレッド 大レッド4Lペットボトル,4901777045729,4000,39,4605,サントリーホールディングス株式会社
サントリーウイスキー知多 180ml瓶,4901777296671,180,43,1130,サントリーホールディングス株式会社
サントリーウイスキー知多 350ml,4901777299887,350,43,2000,サントリーホールディングス株式会社
サントリーウイスキー知多,4901777279421,700,43,4000,サントリーホールディングス株式会社
ザ・マッカラン12年,5010314017408,700,40,9000,サントリーホールディングス株式会社
ザ・マッカラン18年,5010719187003,700,43,32000,サントリーホールディングス株式会社
ザ・マッカラン25年,5010314003807,700,43,160000,サントリーホールディングス株式会社
ザ・マッカラン30年,5010314013202,700,43,288000,サントリーホールディングス株式会社
ザ・マッカラン ダブルカスク12年,5010314302863,700,40,8000,サントリーホールディングス株式会社
ザ・マッカラン レアカスク,5010314301712,700,43,32000,サントリーホールディングス株式会社
ザ・マッカラン トリプルカスク12年,5010314306946,700,40,8000,サントリーホールディングス株式会社
グレンフィディック12年 スペシャルリザーブ 350ml,5010327320007,350,40,2900,サントリーホールディングス株式会社
グレンフィディック12年 スペシャルリザーブ,5010327325460,700,40,4600,サントリーホールディングス株式会社
グレンフィディック15年 ソレラリザーブ,5010327025148,700,40,8500,サントリーホールディングス株式会社
グレンフィディック18年 スモールバッチリザーブ,5010327325323,700,40,14000,サントリーホールディングス株式会社
グレンフィディック21年 グランレゼルヴァ,5010327324081,700,40,33000,サントリーホールディングス株式会社
ボウモア12年,5010496001448,700,40,4400,サントリーホールディングス株式会社
ボウモア15年,5010496001455,700,40,8000,サントリーホールディングス株式会社
ボウモア18年,5010496001400,700,40,9600,サントリーホールディングス株式会社
ボウモア25年,5010496150825,700,40,54000,サントリーホールディングス株式会社
ラフロイグ10年,5010019640253,700,43,5600,サントリーホールディングス株式会社
ラフロイグ セレクト,5010019637529,700,40,4000,サントリーホールディングス株式会社
スキャパ スキレン,5000299607091,700,40,6400,サントリーホールディングス株式会社
オーヘントッシャン12年,5010496001769,700,40,4000,サントリーホールディングス株式会社
アードモア レガシー,4901777287426,700,40,3000,サントリーホールディングス株式会社
バランタイン17年,5010106110126,700,40,9000,サントリーホールディングス株式会社
バランタイン17年 トリビュートリリース,4901777349414,700,48,10000,サントリーホールディングス株式会社
バランタイン ファイネスト40度 700ml瓶,5010106113127,700,40,1390,サントリーホールディングス株式会社
バランタイン21年,5010106110386,700,40,20000,サントリーホールディングス株式会社
バランタイン12年 350ml瓶,5010106113943,350,40,1520,サントリーホールディングス株式会社
バランタイン12年,5010106113974,700,40,2800,サントリーホールディングス株式会社
バランタイン30年,5010106110065,700,40,80000,サントリーホールディングス株式会社
バランタイン マスターズ,5010106172001,700,40,5000,サントリーホールディングス株式会社
バランタイン バレルスムース,5000299610763,700,40,1900,サントリーホールディングス株式会社
バランタイン7年,5000299628034,700,40,2100,サントリーホールディングス株式会社
ティーチャーズ ハイランドクリーム,5010093259006,700,40,1270,サントリーホールディングス株式会社
ティーチャーズ ハイランドクリーム 1L瓶,5010093501815,1000,40,1680,サントリーホールディングス株式会社
ティーチャーズ ハイランドクリーム 1.75L瓶,5010093501693,1750,40,3000,サントリーホールディングス株式会社
ロングジョン スタンダード,5010019601261,700,40,1360,サントリーホールディングス株式会社
カネマラ,5099357002305,700,40,4200,サントリーホールディングス株式会社
タラモアデュー,5011026108033,700,40,2300,サントリーホールディングス株式会社